**** All Elevator Calls (time,src,dest,state,elev dt) stage 8 ****
Elevator call,4.993816266014164,-6,78,3,1, Done, dt, 117.00618373398584
Elevator call,18.77917039169597,-9,-7,3,3, Done, dt, 22.22082960830403
Elevator call,19.387078657155826,-1,5,3,1, Done, dt, 35.612921342844174
Elevator call,20.327517520632,-1,-5,3,9, Done, dt, 27.672482479368
Elevator call,27.9999732565052,-1,55,3,1, Done, dt, 62.0000267434948
Elevator call,29.917239624265676,-2,64,3,1, Done, dt, 75.08276037573432
Elevator call,38.28582116015673,-4,68,3,3, Done, dt, 92.71417883984327
Elevator call,39.19202923931175,-4,6,3,3, Done, dt, 39.80797076068825
Elevator call,39.69710409736126,0,95,3,5, Done, dt, 73.30289590263874
Elevator call,49.43307426313186,-2,-4,3,9, Done, dt, 23.566925736868143
Elevator call,54.196436787183075,-6,8,3,7, Done, dt, 50.803563212816925
Elevator call,57.40531969890162,-3,7,3,3, Done, dt, 32.59468030109838
Elevator call,63.05259875982824,-5,-1,3,7, Done, dt, 26.947401240171757
Elevator call,79.37736411739434,-3,85,3,9, Done, dt, 842.6226358826057
Elevator call,89.4285158976113,-5,19,3,9, Done, dt, 34.571484102388695
Elevator call,92.15048695301039,-9,40,3,0, Done, dt, 70.84951304698961
Elevator call,96.61997031673536,-6,39,3,2, Done, dt, 79.38002968326464
Elevator call,108.64204888088284,-2,44,3,9, Done, dt, 90.35795111911716
Elevator call,111.62708145083661,-3,-8,3,4, Done, dt, 32.37291854916339
Elevator call,116.72069026135568,-2,67,3,0, Done, dt, 355.2793097386443
Elevator call,117.93413927793131,-2,70,3,2, Done, dt, 377.0658607220687
Elevator call,133.34539591368775,-9,47,3,2, Done, dt, 298.65460408631225
Elevator call,134.00355801094793,-6,98,3,7, Done, dt, 100.99644198905207
Elevator call,140.52095248879914,-6,54,3,2, Done, dt, 328.47904751120086
Elevator call,142.07808960138755,-8,13,3,2, Done, dt, 215.92191039861245
Elevator call,146.76293294989182,0,73,3,9, Done, dt, 77.23706705010818
Elevator call,147.44392615224183,-7,67,3,4, Done, dt, 321.55607384775817
Elevator call,151.6163012890247,-6,0,3,4, Done, dt, 142.3836987109753
Elevator call,159.17766514162577,0,7,3,7, Done, dt, 19.822334858374234
Elevator call,170.15712188664338,-6,51,3,4, Done, dt, 272.8428781133566
Elevator call,173.25392580462358,62,87,3,1, Done, dt, 41.74607419537642
Elevator call,174.91394871323018,-4,48,3,4, Done, dt, 255.08605128676982
Elevator call,177.9146689591314,-2,10,3,4, Done, dt, 164.0853310408686
Elevator call,179.41211574761928,-2,26,3,4, Done, dt, 198.58788425238072
Elevator call,188.69360223337299,-6,-7,3,3, Done, dt, 114.30639776662701
Elevator call,197.44243298068636,-7,75,3,4, Done, dt, 289.55756701931364
Elevator call,202.63061730226673,-2,0,3,4, Done, dt, 91.36938269773327
Elevator call,203.2352417416962,-8,38,3,4, Done, dt, 196.7647582583038
Elevator call,209.35081553255895,27,-4,3,3, Done, dt, 36.649184467441046
Elevator call,209.97850155767696,-3,4,3,9, Done, dt, 155.02149844232304
Elevator call,210.90630526255882,94,-2,3,5, Done, dt, 80.09369473744118
Elevator call,211.32931870336074,-2,37,3,9, Done, dt, 231.67068129663926
Elevator call,217.22290993535717,-9,49,3,0, Done, dt, 216.77709006464283
Elevator call,218.07434462591186,52,87,3,7, Done, dt, 77.92565537408814
Elevator call,219.81598778407965,-9,36,3,0, Done, dt, 171.18401221592035
Elevator call,220.76873550670848,93,-4,3,5, Done, dt, 92.23126449329152
Elevator call,224.31198381778677,-5,-8,3,3, Done, dt, 89.68801618221323
Elevator call,231.56651879541005,10,62,3,0, Done, dt, 225.43348120458995
Elevator call,238.4981901010815,-3,-2,3,4, Done, dt, 17.50180989891851
Elevator call,249.14578168308412,-1,20,3,2, Done, dt, 125.85421831691588
Elevator call,249.47153929844012,-5,0,3,2, Done, dt, 85.52846070155988
Elevator call,254.50344330296275,-3,43,3,4, Done, dt, 160.49655669703725
Elevator call,255.11453151297678,-5,15,3,4, Done, dt, 101.88546848702322
Elevator call,257.29849213037915,-3,-9,3,3, Done, dt, 67.70150786962085
Elevator call,260.38349181826743,-8,22,3,2, Done, dt, 126.61650818173257
Elevator call,266.894697015759,81,-5,3,1, Done, dt, 66.105302984241
Elevator call,270.3465008526289,-3,-4,3,5, Done, dt, 42.65349914737112
Elevator call,272.4308393782785,-9,91,3,9, Done, dt, 683.5691606217215
Elevator call,278.80736100021363,-5,26,3,9, Done, dt, 138.19263899978637
Elevator call,285.4590041763097,-4,82,3,4, Done, dt, 218.5409958236903
Elevator call,299.06238686043775,-9,34,3,9, Done, dt, 131.93761313956225
Elevator call,303.5884504315734,-4,49,3,2, Done, dt, 140.4115495684266
Elevator call,305.1612056606798,-9,7,3,9, Done, dt, 71.8387943393202
Elevator call,307.17728820035336,-4,52,3,2, Done, dt, 149.82271179964664
Elevator call,310.1052389352092,38,-3,3,1, Done, dt, 85.89476106479083
Elevator call,310.2471597613528,-8,16,3,9, Done, dt, 81.7528402386472
Elevator call,310.43660083151826,9,-5,3,5, Done, dt, 47.56339916848174
Elevator call,310.65895693179937,-2,-5,3,5, Done, dt, 47.341043068200634
Elevator call,314.465693673799,-8,-6,3,9, Done, dt, 14.534306326200976
Elevator call,318.63880157220933,-5,20,3,9, Done, dt, 85.36119842779067
Elevator call,326.58639638472255,-7,-2,3,3, Done, dt, 241.41360361527745
Elevator call,334.8964002994919,-6,6,3,3, Done, dt, 282.1035997005081
Elevator call,338.34551095760867,-8,14,3,3, Done, dt, 302.65448904239133
Elevator call,346.0955137209953,-8,39,3,3, Done, dt, 369.9044862790047
Elevator call,361.645498123866,-7,63,3,5, Done, dt, 56.35450187613401
Elevator call,363.8472274622245,-5,-3,3,3, Done, dt, 41.15277253777549
Elevator call,381.31971563530055,-7,14,3,3, Done, dt, 259.68028436469945
Elevator call,388.51503029731634,-4,58,3,5, Done, dt, 114.48496970268366
Elevator call,394.25877451521023,-2,-6,3,1, Done, dt, 35.741225484789766
Elevator call,394.9568870028586,-9,-2,3,3, Done, dt, 173.0431129971414
Elevator call,396.01053237831434,-7,95,3,3, Done, dt, 633.9894676216857
Elevator call,396.1162807679582,0,26,3,3, Done, dt, 271.8837192320418
Elevator call,397.828560875153,46,75,3,0, Done, dt, 92.17143912484698
Elevator call,398.52040573961403,-4,28,3,3, Done, dt, 280.47959426038597
Elevator call,399.94909007969295,-1,36,3,3, Done, dt, 304.05090992030705
Elevator call,400.2358983059046,-5,77,3,3, Done, dt, 579.7641016940954
Elevator call,403.08087087207764,-6,60,3,3, Done, dt, 364.91912912792236
Elevator call,420.90267429546566,-3,12,3,3, Done, dt, 209.09732570453434
Elevator call,424.97730311249506,71,0,3,7, Done, dt, 101.02269688750494
Elevator call,431.638137321645,-6,87,3,1, Done, dt, 57.36186267835501
Elevator call,438.369875408335,-3,-4,3,7, Done, dt, 120.63012459166498
Elevator call,440.91040561273644,-7,-2,3,1, Done, dt, 140.08959438726356
Elevator call,442.48024316783403,38,58,3,9, Done, dt, 31.519756832165967
Elevator call,445.22554369489694,-3,17,3,1, Done, dt, 210.77445630510306
Elevator call,447.82100185917807,82,10,3,7, Done, dt, 63.17899814082193
Elevator call,448.37219431241874,-9,31,3,3, Done, dt, 242.62780568758126
Elevator call,448.5527280150875,-7,0,3,3, Done, dt, 141.4472719849125
Elevator call,449.6414067161206,-5,0,3,3, Done, dt, 140.35859328387937
Elevator call,458.57493472839155,0,75,3,9, Done, dt, 438.42506527160845
Elevator call,464.05052587172395,-8,98,3,5, Done, dt, 395.94947412827605
Elevator call,467.1243025576689,-9,27,3,5, Done, dt, 194.8756974423311
Elevator call,471.18462320429603,-8,10,3,5, Done, dt, 161.81537679570397
Elevator call,473.82402016162405,-6,-7,3,7, Done, dt, 107.17597983837595
Elevator call,486.18831609784525,32,71,3,5, Done, dt, 279.81168390215475
Elevator call,494.2575701969208,-6,-9,3,7, Done, dt, 220.74242980307918
Elevator call,499.06404009518997,-9,-5,3,3, Done, dt, 32.93595990481003
Elevator call,505.42918834826446,-5,41,3,3, Done, dt, 232.57081165173554
Elevator call,505.5712470512408,-2,93,3,3, Done, dt, 513.4287529487592
Elevator call,507.896243493429,0,14,3,0, Done, dt, 109.10375650657102
Elevator call,508.3883648726937,-5,67,3,2, Done, dt, 189.61163512730627
Elevator call,508.4388147995692,-6,-3,3,2, Done, dt, 109.56118520043083
Elevator call,510.15095690679004,-5,21,3,4, Done, dt, 133.84904309320996
Elevator call,512.7410981451851,-2,86,3,6, Done, dt, 210.2589018548149
Elevator call,513.3688940199656,-5,57,3,9, Done, dt, 343.63110598003436
Elevator call,524.1069739806394,30,57,3,9, Done, dt, 332.8930260193606
Elevator call,530.1742255496574,-1,68,3,3, Done, dt, 434.8257744503426
Elevator call,530.5850250585272,-1,62,3,3, Done, dt, 248.4149749414728
Elevator call,530.7421165835376,-2,-6,3,7, Done, dt, 39.25788341646239
Elevator call,531.7404459344334,-9,40,3,3, Done, dt, 195.2595540655666
Elevator call,537.0715274709094,15,90,3,9, Done, dt, 407.92847252909064
Elevator call,543.7683458853232,-6,8,3,9, Done, dt, 78.23165411467676
Elevator call,554.6943397633177,-5,27,3,1, Done, dt, 289.30566023668234
Elevator call,556.8993874391524,0,19,3,3, Done, dt, 97.1006125608476
Elevator call,557.5557041789998,0,38,3,1, Done, dt, 312.4442958210002
Elevator call,559.8911163663106,-4,20,3,5, Done, dt, 88.1088836336894
Elevator call,562.5015578609957,-1,34,3,5, Done, dt, 123.49844213900428
Elevator call,570.72332239395,-1,64,3,1, Done, dt, 448.27667760605004
Elevator call,573.8367444751809,-2,-9,3,7, Done, dt, 141.16325552481908
Elevator call,574.4289443621799,-1,53,3,1, Done, dt, 418.5710556378201
Elevator call,579.4289603377472,0,-9,3,7, Done, dt, 135.57103966225282
Elevator call,579.4300589184306,-5,-8,3,7, Done, dt, 96.56994108156937
Elevator call,582.4748234204005,-2,16,3,1, Done, dt, 62.525176579599474
Elevator call,584.3936094971903,-1,48,3,5, Done, dt, 129.60639050280975
Elevator call,587.5065401456161,0,59,3,5, Done, dt, 152.4934598543839
Elevator call,589.3301865038677,-4,46,3,3, Done, dt, 161.6698134961323
Elevator call,590.6208993932232,-6,100,3,1, Done, dt, 477.3791006067768
Elevator call,591.0975410397571,69,-6,3,8, Done, dt, 448.90245896024294
Elevator call,591.5126537716858,-6,47,3,5, Done, dt, 111.48734622831421
Elevator call,591.6646715252255,11,-9,3,5, Done, dt, 489.33532847477454
Elevator call,593.1685913886549,-8,59,3,0, Done, dt, 276.83140861134507
Elevator call,615.2556147628397,46,-3,3,8, Done, dt, 109.74438523716026
Elevator call,620.2579900542485,0,85,3,4, Done, dt, 545.7420099457515
Elevator call,620.952509806021,-9,0,3,2, Done, dt, 314.047490193979
Elevator call,623.0223448856957,-8,-6,3,2, Done, dt, 193.9776551143043
Elevator call,623.5552751023249,-2,-3,3,7, Done, dt, 29.444724897675087
Elevator call,623.6992665911678,-1,40,3,2, Done, dt, 491.30073340883223
Elevator call,626.5389500501055,-3,42,3,6, Done, dt, 672.4610499498945
Elevator call,627.5033706858799,-9,24,3,6, Done, dt, 623.4966293141201
Elevator call,635.7897844410584,11,83,3,9, Done, dt, 275.2102155589416
Elevator call,645.5114707776538,-1,44,3,6, Done, dt, 665.4885292223462
Elevator call,647.6019128697508,-7,21,3,1, Done, dt, 183.39808713024922
Elevator call,648.3122718675629,0,99,3,9, Done, dt, 321.6877281324371
Elevator call,667.5999958141826,-8,-7,3,0, Done, dt, 56.40000418581735
Elevator call,675.5144664954673,0,-1,3,7, Done, dt, 25.48553350453267
Elevator call,679.5895248054915,-7,10,3,1, Done, dt, 70.41047519450854
Elevator call,680.0181347335647,0,56,3,4, Done, dt, 426.9818652664353
Elevator call,680.2298063486398,-8,18,3,1, Done, dt, 138.77019365136016
Elevator call,688.1143086691975,40,15,3,8, Done, dt, 280.8856913308025
Elevator call,689.1432791543316,-7,60,3,4, Done, dt, 431.8567208456684
Elevator call,695.0796471237577,89,-4,3,8, Done, dt, 332.9203528762423
Elevator call,695.4237523147347,98,-7,3,8, Done, dt, 355.57624768526534
Elevator call,696.489335397915,-4,23,3,9, Done, dt, 72.51066460208494
Elevator call,703.881682733766,-1,58,3,1, Done, dt, 302.11831726623404
Elevator call,705.1407577731113,0,82,3,1, Done, dt, 332.8592422268887
Elevator call,705.5274932543261,21,-1,3,4, Done, dt, 148.47250674567385
Elevator call,708.981552127932,-2,30,3,1, Done, dt, 147.018447872068
Elevator call,717.1956642927394,93,-4,3,7, Done, dt, 130.80433570726063
Elevator call,717.7965298809615,-9,61,3,7, Done, dt, 45.20347011903846
Elevator call,727.6758894316686,-5,0,3,0, Done, dt, 43.324110568331434
Elevator call,728.499323661546,-4,57,3,0, Done, dt, 129.500676338454
Elevator call,733.0505280207608,-2,19,3,0, Done, dt, 76.9494719792392
Elevator call,741.8722441091284,-4,67,3,0, Done, dt, 198.12775589087164
Elevator call,744.975962002575,38,2,3,0, Done, dt, 270.024037997425
Elevator call,749.8657280601287,-8,-1,3,4, Done, dt, 104.13427193987127
Elevator call,758.4490750208467,-3,-2,3,4, Done, dt, 84.55092497915325
Elevator call,762.2945288266701,-7,7,3,1, Done, dt, 40.7054711733299
Elevator call,765.1796993620308,-7,28,3,9, Done, dt, 56.82030063796924
Elevator call,768.9310981605672,53,88,3,3, Done, dt, 237.06890183943278
Elevator call,775.7804832433483,-6,81,3,3, Done, dt, 216.21951675665173
Elevator call,777.0797168382923,53,81,3,3, Done, dt, 214.92028316170774
Elevator call,781.7375130869042,-2,42,3,4, Done, dt, 281.2624869130958
Elevator call,787.8154398680457,-6,27,3,2, Done, dt, 304.1845601319543
Elevator call,789.2940003734968,-1,74,3,4, Done, dt, 355.70599962650317
Elevator call,790.84999807964,-7,52,3,2, Done, dt, 366.15000192035995
Elevator call,793.7757239212833,-7,-5,3,4, Done, dt, 26.224276078716684
Elevator call,799.8678032751129,-6,99,3,2, Done, dt, 1148.132196724887
Elevator call,809.0059078799528,-5,-3,3,2, Done, dt, 102.99409212004718
Elevator call,818.5716721258577,-8,3,3,2, Done, dt, 129.42832787414227
Elevator call,819.0973959909869,30,89,3,9, Done, dt, 114.90260400901309
Elevator call,822.1388045776276,-5,55,3,4, Done, dt, 273.86119542237236
Elevator call,827.0483922867262,91,-4,3,7, Done, dt, 156.9516077132738
Elevator call,833.2953788491847,41,0,3,7, Done, dt, 138.70462115081534
Elevator call,833.6807039214751,-1,98,3,6, Done, dt, 675.3192960785249
Elevator call,836.3100863645074,0,97,3,6, Done, dt, 661.6899136354926
Elevator call,840.9085198183803,10,50,3,3, Done, dt, 84.09148018161966
Elevator call,849.1185427699573,-7,-4,3,2, Done, dt, 51.881457230042656
Elevator call,851.8260477246714,-8,97,3,2, Done, dt, 1084.1739522753287
Elevator call,854.1199582715301,-7,74,3,6, Done, dt, 536.8800417284699
Elevator call,858.5727486699326,55,-1,3,8, Done, dt, 146.4272513300674
Elevator call,859.4091706403293,-9,28,3,4, Done, dt, 179.5908293596707
Elevator call,863.6615831859367,-8,-9,3,5, Done, dt, 217.3384168140633
Elevator call,865.092482993349,-4,40,3,1, Done, dt, 100.907517006651
Elevator call,869.6484007605196,3,42,3,2, Done, dt, 257.3515992394804
Elevator call,871.0751116159759,-6,8,3,2, Done, dt, 131.92488838402414
Elevator call,871.1514322455221,97,-3,3,5, Done, dt, 185.84856775447793
Elevator call,881.7224099153852,-5,-1,3,6, Done, dt, 36.27759008461476
Elevator call,891.7829186868805,-8,2,3,4, Done, dt, 91.21708131311948
Elevator call,902.6902755398198,-3,5,3,4, Done, dt, 93.30972446018018
Elevator call,905.7125010362058,-1,48,3,1, Done, dt, 74.28749896379418
Elevator call,909.644810683128,-2,27,3,1, Done, dt, 39.35518931687204
Elevator call,917.921440920651,25,-6,3,8, Done, dt, 122.07855907934902
Elevator call,920.9559777501229,-9,-5,3,6, Done, dt, 41.044022249877116
Elevator call,921.3280124845719,-3,22,3,6, Done, dt, 317.6719875154281
Elevator call,933.7495734890487,-9,48,3,4, Done, dt, 145.25042651095134
Elevator call,943.209730896117,97,-6,3,0, Done, dt, 987.790269103883
Elevator call,946.595026362445,63,-1,3,0, Done, dt, 949.404973637555
Elevator call,946.775779901455,-7,-3,3,2, Done, dt, 35.22422009854495
Elevator call,948.3431624386573,0,-8,3,8, Done, dt, 113.65683756134274
Elevator call,949.8446878410363,0,30,3,6, Done, dt, 327.15531215896374
Elevator call,958.3487960758603,83,-3,3,0, Done, dt, 959.6512039241397
Elevator call,959.3376168171872,-4,83,3,6, Done, dt, 450.66238318281285
Elevator call,971.0406469714588,-4,-5,3,7, Done, dt, 23.95935302854116
Elevator call,975.3682526243218,90,-6,3,9, Done, dt, 73.63174737567817
Elevator call,977.7982491609354,-2,-7,3,7, Done, dt, 1750.2017508390645
Elevator call,979.9614792953987,-3,46,3,2, Done, dt, 161.0385207046013
Elevator call,986.5198212785085,-7,22,3,2, Done, dt, 90.48017872149148
Elevator call,991.424273898488,-5,21,3,6, Done, dt, 162.57572610151203
Elevator call,998.2390349216074,80,-3,3,5, Done, dt, 58.76096507839259
Elevator call,1006.7890618724637,0,95,3,7, Done, dt, 428.21093812753634
Elevator call,1009.2854376425349,6,-3,3,0, Done, dt, 908.7145623574651
Elevator call,1010.5360886839251,-2,0,3,7, Done, dt, 91.46391131607493
Elevator call,1014.2904299637148,-5,51,3,7, Done, dt, 306.7095700362852
Elevator call,1021.3167674412655,-5,26,3,6, Done, dt, 241.68323255873452
Elevator call,1026.1747664955665,-7,65,3,6, Done, dt, 335.8252335044335
Elevator call,1042.4397899228302,-8,29,3,7, Done, dt, 106.56021007716981
Elevator call,1043.9427861328584,-2,41,3,7, Done, dt, 262.0572138671416
Elevator call,1046.279460172499,-3,-8,3,9, Done, dt, 27.720539827500943
Elevator call,1049.1955408847932,-6,63,3,6, Done, dt, 300.8044591152068
Elevator call,1049.6119921371421,-6,72,3,6, Done, dt, 329.3880078628579
Elevator call,1050.1478225185908,-7,48,3,6, Done, dt, 274.85217748140917
Elevator call,1054.9200570972548,-4,6,3,6, Done, dt, 74.07994290274519
Elevator call,1058.3425382177916,-6,86,3,7, Done, dt, 341.65746178220843
Elevator call,1061.3497891856125,-1,51,3,7, Done, dt, 259.6502108143875
Elevator call,1064.797344500654,-7,96,3,8, Done, dt, 2026.202655499346
Elevator call,1065.2913198413887,-1,37,3,8, Done, dt, 1266.7086801586113
Elevator call,1068.1600143289822,-5,43,3,8, Done, dt, 1299.8399856710178
Elevator call,1072.0940435257985,-6,100,3,8, Done, dt, 2052.9059564742015
Elevator call,1080.5822907925076,92,78,3,3, Done, dt, 39.41770920749241
Elevator call,1084.5279393525989,-5,78,3,8, Done, dt, 1418.4720606474011
Elevator call,1086.0395030747954,-5,-9,3,9, Done, dt, 158.96049692520455
Elevator call,1086.9564736719517,-7,-8,3,9, Done, dt, 134.0435263280483
Elevator call,1095.2640286436385,-2,63,3,7, Done, dt, 251.73597135636146
Elevator call,1095.6459199869669,-3,-1,3,8, Done, dt, 26.354080013033126
Elevator call,1097.8440098951423,10,-6,3,5, Done, dt, 38.155990104857665
Elevator call,1099.301027638211,82,16,3,3, Done, dt, 71.69897236178895
Elevator call,1106.7398148506138,0,91,3,8, Done, dt, 1959.2601851493862
Elevator call,1107.5208855979677,16,-9,3,9, Done, dt, 137.47911440203234
Elevator call,1107.8036810594135,9,-4,3,9, Done, dt, 55.19631894058648
Elevator call,1116.1994706847267,98,-3,3,1, Done, dt, 134.80052931527325
Elevator call,1117.3441932989656,30,-1,3,3, Done, dt, 72.65580670103441
Elevator call,1119.2896516583055,-2,3,3,8, Done, dt, 110.7103483416945
Elevator call,1127.897552699288,-8,87,3,7, Done, dt, 283.1024473007119
Elevator call,1129.1480142844896,-3,0,3,7, Done, dt, 104.85198571551041
Elevator call,1131.3792177263645,-4,-6,3,5, Done, dt, 26.62078227363554
Elevator call,1132.967464269452,14,78,3,7, Done, dt, 242.03253573054803
Elevator call,1134.4293967139304,-6,49,3,8, Done, dt, 1269.5706032860696
Elevator call,1140.7672112891369,-4,1,3,8, Done, dt, 77.23278871086313
Elevator call,1146.0585977518958,68,-6,3,1, Done, dt, 192.94140224810417
Elevator call,1147.245185912589,-6,48,3,6, Done, dt, 177.75481408741098
Elevator call,1147.5406805176676,-9,34,3,7, Done, dt, 144.45931948233238
Elevator call,1152.774368572573,64,-4,3,1, Done, dt, 109.22563142742706
Elevator call,1157.4055290464557,-9,87,3,2, Done, dt, 728.5944709535443
Elevator call,1160.2222513229156,20,64,3,5, Done, dt, 301.77774867708445
Elevator call,1161.1285201292303,-1,-2,3,9, Done, dt, 24.87147987076969
Elevator call,1162.9248958580868,-6,-5,3,5, Done, dt, 51.07510414191324
Elevator call,1164.6755917731602,-7,26,3,5, Done, dt, 227.32440822683975
Elevator call,1170.9029971088776,-4,24,3,5, Done, dt, 156.09700289112243
Elevator call,1171.911688693261,-9,49,3,8, Done, dt, 1232.088311306739
Elevator call,1176.0994115135807,0,13,3,2, Done, dt, 263.90058848641934
Elevator call,1179.6101221380727,78,-2,3,4, Done, dt, 683.3898778619273
Elevator call,1180.056382447366,-2,6,3,7, Done, dt, 66.9436175526339
Elevator call,1180.9774709266485,-1,-2,3,9, Done, dt, 27.022529073351507
Elevator call,1181.1434898085204,-4,79,3,7, Done, dt, 204.85651019147963
Elevator call,1182.4856407422205,-7,31,3,5, Done, dt, 232.51435925777946
Elevator call,1185.0049294066503,28,-7,3,1, Done, dt, 294.99507059334974
Elevator call,1185.6615591516652,-5,9,3,9, Done, dt, 78.33844084833481
Elevator call,1186.7659141651516,-6,99,3,5, Done, dt, 303.23408583484843
Elevator call,1194.4816918484162,90,55,3,4, Done, dt, 91.51830815158382
Elevator call,1195.255320106989,96,-6,3,4, Done, dt, 711.7446798930109
Elevator call,1199.2902976507971,55,58,3,3, Done, dt, 707.7097023492029
Elevator call,1201.1040445040928,32,90,3,3, Done, dt, 824.8959554959072
Elevator call,1204.7895686927575,-3,72,3,3, Done, dt, 760.2104313072425
Elevator call,1205.2364000393331,-9,-7,3,5, Done, dt, 31.763599960666852
Elevator call,1208.3813664585552,-2,-8,3,1, Done, dt, 282.61863354144475
Elevator call,1212.0655368067005,0,-5,3,1, Done, dt, 115.93446319329951
Elevator call,1218.8805270458822,59,37,3,0, Done, dt, 365.1194729541178
Elevator call,1219.1610419528652,17,39,3,3, Done, dt, 636.8389580471348
Elevator call,1219.9231943499599,0,90,3,8, Done, dt, 1835.0768056500401
Elevator call,1227.3451263913057,1,-3,3,0, Done, dt, 690.6548736086943
Elevator call,1227.8519734753409,47,-6,3,0, Done, dt, 703.1480265246591
Elevator call,1229.5740033141115,-6,-1,3,8, Done, dt, 44.42599668588855
Elevator call,1229.879203417947,-2,25,3,8, Done, dt, 178.1207965820529
Elevator call,1230.646348542733,-2,-8,3,1, Done, dt, 260.353651457267
Elevator call,1235.0174537728853,-8,31,3,5, Done, dt, 179.98254622711465
Elevator call,1241.6592594169601,-8,-9,3,1, Done, dt, 262.34074058303986
Elevator call,1245.6402024104636,-3,-8,3,1, Done, dt, 245.35979758953636
Elevator call,1254.8148951290755,-9,97,3,9, Done, dt, 158.18510487092453
Elevator call,1258.3955944109046,-4,12,3,3, Done, dt, 55.60440558909545
Elevator call,1261.2765303635751,-6,-9,3,1, Done, dt, 242.72346963642485
Elevator call,1261.9566642321165,-2,-8,3,1, Done, dt, 229.0433357678835
Elevator call,1265.235282049865,-5,42,3,5, Done, dt, 175.76471795013504
Elevator call,1268.243941013624,-7,-8,3,4, Done, dt, 660.756058986376
Elevator call,1269.8971795005036,-8,85,3,2, Done, dt, 604.1028204994964
Elevator call,1271.6412097283428,30,-4,3,4, Done, dt, 613.3587902716572
Elevator call,1272.1723301319107,0,54,3,8, Done, dt, 1146.8276698680893
Elevator call,1274.6087319866829,-4,-6,3,1, Done, dt, 64.39126801331713
Elevator call,1274.9782991361408,-9,33,3,2, Done, dt, 477.0217008638592
Elevator call,1276.7214782171718,-9,88,3,2, Done, dt, 620.2785217828282
Elevator call,1277.8913011779641,-3,-8,3,1, Done, dt, 213.10869882203588
Elevator call,1278.2602187639138,-4,8,3,2, Done, dt, 108.73978123608617
Elevator call,1279.1510214108412,-2,15,3,8, Done, dt, 108.84897858915883
Elevator call,1285.0274585335135,7,21,3,9, Done, dt, 42.97254146648652
Elevator call,1285.9309941308798,-2,-9,3,1, Done, dt, 218.06900586912025
Elevator call,1287.7202118533498,53,70,3,7, Done, dt, 73.27978814665016
Elevator call,1296.03863677028,76,-9,3,4, Done, dt, 665.9613632297201
Elevator call,1299.2887517051354,76,-6,3,4, Done, dt, 607.7112482948646
Elevator call,1300.1769557831474,-5,46,3,3, Done, dt, 579.8230442168526
Elevator call,1300.836281186704,-6,-1,3,3, Done, dt, 55.1637188132961
Elevator call,1307.0927899849708,-3,-1,3,2, Done, dt, 50.90721001502925
Elevator call,1313.057917769506,24,-1,3,4, Done, dt, 538.942082230494
Elevator call,1313.7646791153716,-8,95,3,2, Done, dt, 610.2353208846284
Elevator call,1314.6547120177497,61,-3,3,0, Done, dt, 603.3452879822503
Elevator call,1320.3181322673079,70,-6,3,0, Done, dt, 610.6818677326921
Elevator call,1320.8662487199213,-9,-5,3,8, Done, dt, 37.13375128007874
Elevator call,1321.022113831665,-4,-5,3,1, Done, dt, 316.9778861683351
Elevator call,1322.1128310699344,15,74,3,9, Done, dt, 68.88716893006563
Elevator call,1325.0849733245666,17,-1,3,0, Done, dt, 570.9150266754334
Elevator call,1326.5446657180087,-9,28,3,5, Done, dt, 76.45533428199133
Elevator call,1332.174271575912,-8,19,3,2, Done, dt, 385.8257284240881
Elevator call,1333.32877351828,30,-3,3,1, Done, dt, 113.67122648171994
Elevator call,1339.1489406673277,89,-8,3,0, Done, dt, 813.8510593326723
Elevator call,1339.3637905860362,11,9,3,0, Done, dt, 322.6362094139638
Elevator call,1344.9882828199113,-9,41,3,3, Done, dt, 522.0117171800887
Elevator call,1347.2121633392858,-1,13,3,3, Done, dt, 208.78783666071422
Elevator call,1349.5308180250163,2,-7,3,0, Done, dt, 792.4691819749837
Elevator call,1352.4075263630286,0,62,3,3, Done, dt, 566.5924736369714
Elevator call,1352.4657424634215,26,-3,3,0, Done, dt, 565.5342575365785
Elevator call,1353.7323095433728,73,66,3,0, Done, dt, 131.26769045662718
Elevator call,1354.5739699779474,-5,41,3,5, Done, dt, 75.4260300220526
Elevator call,1366.3937752875854,81,46,3,0, Done, dt, 188.6062247124146
Elevator call,1372.7268942821634,0,-8,3,1, Done, dt, 118.27310571783664
Elevator call,1374.7746243383833,93,100,3,7, Done, dt, 73.22537566161668
Elevator call,1377.493687722938,1,-4,3,1, Done, dt, 80.50631227706208
Elevator call,1386.2912413308834,-6,48,3,2, Done, dt, 400.7087586691166
Elevator call,1388.0809474948549,-6,-8,3,1, Done, dt, 102.91905250514515
Elevator call,1388.8704226989184,63,-4,3,4, Done, dt, 496.12957730108155
Elevator call,1392.391720223848,-1,-2,3,1, Done, dt, 43.6082797761519
Elevator call,1396.8256171749845,-1,92,3,3, Done, dt, 687.1743828250155
Elevator call,1400.0568806811527,-9,84,3,3, Done, dt, 580.9431193188473
Elevator call,1400.141335501355,0,16,3,3, Done, dt, 167.8586644986451
Elevator call,1400.3325047475223,-4,-7,3,1, Done, dt, 79.66749525247769
Elevator call,1402.1237370953575,55,-9,3,4, Done, dt, 559.8762629046425
Elevator call,1403.0169167488018,71,72,3,6, Done, dt, 39.983083251198195
Elevator call,1405.117770387189,-4,-6,3,1, Done, dt, 63.88222961281099
Elevator call,1407.4981092474345,0,6,3,8, Done, dt, 51.50189075256549
Elevator call,1412.2886739449248,80,52,3,0, Done, dt, 116.71132605507523
Elevator call,1413.0207109733,0,-7,3,1, Done, dt, 66.97928902669992
Elevator call,1413.7508101029919,-9,17,3,1, Done, dt, 156.24918989700814
Elevator call,1416.3290170652938,-6,6,3,2, Done, dt, 248.67098293470622
Elevator call,1418.8490402888133,65,59,3,4, Done, dt, 95.15095971118672
Elevator call,1419.3684653958746,-8,75,3,2, Done, dt, 434.63153460412536
Elevator call,1420.9347757628352,92,-9,3,9, Done, dt, 766.0652242371648
Elevator call,1425.9353539657573,-6,35,3,2, Done, dt, 338.06464603424274
Elevator call,1444.6054210887032,-8,0,3,8, Done, dt, 118.39457891129678
Elevator call,1445.0370901273861,0,89,3,3, Done, dt, 569.9629098726139
Elevator call,1449.2266580537712,-8,22,3,3, Done, dt, 292.7733419462288
Elevator call,1449.5983328856476,-1,-3,3,4, Done, dt, 424.40166711435245
Elevator call,1456.0363560975115,-4,37,3,3, Done, dt, 388.96364390248846
Elevator call,1457.2506599837823,-5,58,3,8, Done, dt, 985.7493400162177
Elevator call,1458.7207267130516,15,-4,3,9, Done, dt, 185.2792732869484
Elevator call,1460.2174351165045,53,-7,3,9, Done, dt, 316.7825648834955
Elevator call,1464.563308162964,6,0,3,9, Done, dt, 146.43669183703605
Elevator call,1470.7475089142663,6,14,3,5, Done, dt, 90.25249108573371
Elevator call,1472.9039153699532,-3,0,3,2, Done, dt, 106.09608463004679
Elevator call,1472.9263965529299,-9,20,3,2, Done, dt, 256.0736034470701
Elevator call,1478.0657510346257,63,29,3,0, Done, dt, 123.93424896537431
Elevator call,1489.216351445521,-7,-2,3,8, Done, dt, 61.78364855447899
Elevator call,1489.5913749561882,22,-1,3,5, Done, dt, 107.40862504381175
Elevator call,1490.1401865962212,-2,25,3,8, Done, dt, 809.8598134037788
Elevator call,1491.2356790353658,-7,-6,3,1, Done, dt, 56.76432096463418
Elevator call,1491.9876716243064,96,55,3,7, Done, dt, 53.01232837569364
Elevator call,1492.211731617477,80,-5,3,7, Done, dt, 1213.788268382523
Elevator call,1499.1101509757077,20,-5,3,4, Done, dt, 396.8898490242923
Elevator call,1501.0594802002897,-2,88,3,3, Done, dt, 502.9405197997103
Elevator call,1505.1531988041907,0,-5,3,4, Done, dt, 390.84680119580935
Elevator call,1509.6144705911147,29,0,3,0, Done, dt, 375.3855294088853
Elevator call,1511.149938466147,-9,29,3,1, Done, dt, 823.850061533853
Elevator call,1512.6432289118493,-6,-7,3,9, Done, dt, 264.3567710881507
Elevator call,1512.7103496933357,-7,-8,3,9, Done, dt, 663.2896503066643
Elevator call,1513.2815820772723,14,-5,3,9, Done, dt, 141.71841792272767
Elevator call,1515.2762541582274,-9,57,3,8, Done, dt, 916.7237458417726
Elevator call,1516.9045798111706,-3,17,3,2, Done, dt, 189.0954201888294
Elevator call,1517.4410305743113,-2,7,3,2, Done, dt, 158.5589694256887
Elevator call,1525.3474653801065,-9,67,3,2, Done, dt, 310.65253461989346
Elevator call,1528.7833646204786,-8,66,3,1, Done, dt, 1136.2166353795214
Elevator call,1533.4993547271415,71,-9,3,7, Done, dt, 1777.5006452728585
Elevator call,1543.8282027621233,-3,-7,3,9, Done, dt, 233.17179723787672
Elevator call,1550.4739993596936,44,-9,3,0, Done, dt, 613.5260006403064
Elevator call,1559.0882750938326,-8,0,3,1, Done, dt, 616.9117249061674
Elevator call,1559.5003296238565,78,-5,3,6, Done, dt, 779.4996703761435
Elevator call,1559.6783646864003,-4,45,3,1, Done, dt, 1044.3216353135997
Elevator call,1560.313330289477,-6,94,3,8, Done, dt, 1518.686669710523
Elevator call,1560.6977373374482,18,-2,3,9, Done, dt, 61.30226266255181
Elevator call,1563.9621772497476,23,-7,3,4, Done, dt, 354.0378227502524
Elevator call,1567.0385482755566,-6,-3,3,3, Done, dt, 57.96145172444335
Elevator call,1567.7677387191982,-9,65,3,3, Done, dt, 363.2322612808018
Elevator call,1570.167292113183,-9,35,3,2, Done, dt, 193.83270788681693
Elevator call,1570.3515763727153,11,-6,3,4, Done, dt, 336.6484236272847
Elevator call,1573.0337431405487,-9,58,3,2, Done, dt, 233.96625685945128
Elevator call,1581.2418281838495,30,-4,3,7, Done, dt, 638.7581718161505
Elevator call,1586.7149392463398,58,0,3,7, Done, dt, 589.2850607536602
Elevator call,1589.3910874595208,-7,0,3,8, Done, dt, 75.6089125404792
Elevator call,1589.9038238637465,-9,39,3,8, Done, dt, 754.0961761362535
Elevator call,1592.275142001017,-4,-2,3,3, Done, dt, 55.724857998983
Elevator call,1592.313241494302,0,44,3,8, Done, dt, 786.686758505698
Elevator call,1596.3459143787545,-6,71,3,1, Done, dt, 1102.6540856212455
Elevator call,1602.4992770395613,-4,85,3,3, Done, dt, 389.5007229604387
Elevator call,1602.9991506248982,-4,68,3,3, Done, dt, 350.0008493751018
Elevator call,1605.979419716848,-2,-3,3,9, Done, dt, 27.020580283151958
Elevator call,1606.4119333336193,15,0,3,4, Done, dt, 84.58806666638066
Elevator call,1607.5724675361128,53,-9,3,6, Done, dt, 885.4275324638872
Elevator call,1608.2837504357428,-4,26,3,1, Done, dt, 704.7162495642572
Elevator call,1611.4985260284295,-7,74,3,1, Done, dt, 1099.5014739715705
Elevator call,1613.3300436977615,91,-3,3,6, Done, dt, 497.66995630223846
Elevator call,1614.9819869277,-5,-2,3,1, Done, dt, 243.01801307229994
Elevator call,1616.495819946025,-6,4,3,2, Done, dt, 36.504180053975006
Elevator call,1620.6719064690649,-8,-9,3,9, Done, dt, 566.3280935309351
Elevator call,1621.8520280072983,-5,67,3,3, Done, dt, 320.14797199270174
Elevator call,1625.2923988696975,-6,-7,3,9, Done, dt, 151.70760113030246
Elevator call,1626.9813954083652,-8,6,3,8, Done, dt, 54.01860459163481
Elevator call,1631.9267580974501,43,-3,3,7, Done, dt, 577.0732419025499
Elevator call,1632.30218416876,-3,89,3,1, Done, dt, 1137.69781583124
Elevator call,1638.0876745228531,59,99,3,5, Done, dt, 78.91232547714685
Elevator call,1639.789215400572,21,-8,3,4, Done, dt, 289.21078459942805
Elevator call,1642.7750390296922,-7,10,3,1, Done, dt, 600.2249609703078
Elevator call,1644.5741373343026,52,8,3,7, Done, dt, 517.4258626656974
Elevator call,1646.806421643032,2,3,3,1, Done, dt, 551.1935783569679
Elevator call,1651.8118794033398,-3,100,3,3, Done, dt, 446.18812059666016
Elevator call,1652.5436622208238,0,-2,3,9, Done, dt, 26.456337779176238
Elevator call,1655.0561988096447,0,33,3,3, Done, dt, 123.94380119035532
Elevator call,1657.0660455805853,86,34,3,0, Done, dt, 153.9339544194147
Elevator call,1659.267827181413,10,27,3,3, Done, dt, 95.73217281858706
Elevator call,1660.0124617656197,29,25,3,4, Done, dt, 83.98753823438028
Elevator call,1662.3727236971508,-4,7,3,1, Done, dt, 558.6272763028492
Elevator call,1671.5142487209814,87,-2,3,7, Done, dt, 526.4857512790186
Elevator call,1671.5963931970773,96,65,3,7, Done, dt, 100.4036068029227
Elevator call,1673.0262380475997,-3,-7,3,9, Done, dt, 103.97376195240031
Elevator call,1674.9932169087417,6,-9,3,9, Done, dt, 512.0067830912583
Elevator call,1676.5556477102718,79,-6,3,6, Done, dt, 673.4443522897282
Elevator call,1678.3204170962827,59,34,3,7, Done, dt, 165.67958290371735
Elevator call,1680.297341368763,-3,23,3,8, Done, dt, 77.702658631237
Elevator call,1680.6387712839426,-9,34,3,8, Done, dt, 638.3612287160574
Elevator call,1680.7417310140845,5,-8,1,8
Elevator call,1682.8327106265995,-9,-2,3,1, Done, dt, 175.16728937340054
Elevator call,1688.8963190061388,-7,-8,3,4, Done, dt, 240.1036809938612
Elevator call,1693.027600545047,90,-9,3,6, Done, dt, 799.9723994549529
Elevator call,1693.7083720924857,2,-3,3,9, Done, dt, 34.29162790751434
Elevator call,1698.778965963265,1,-3,3,9, Done, dt, 29.22103403673509
Elevator call,1699.477626376131,-6,-7,3,9, Done, dt, 77.52237362386904
Elevator call,1701.0124433964452,-4,75,3,1, Done, dt, 1020.9875566035548
Elevator call,1701.7117363940654,-4,14,3,1, Done, dt, 564.2882636059346
Elevator call,1703.4655658368163,-1,0,3,1, Done, dt, 472.53443416318373
Elevator call,1705.7653605505652,-7,33,3,1, Done, dt, 641.2346394494348
Elevator call,1712.6270074042018,70,89,3,5, Done, dt, 49.37299259579822
Elevator call,1721.7776609968566,61,93,3,2, Done, dt, 190.22233900314336
Elevator call,1722.237480410378,-6,-3,3,1, Done, dt, 77.76251958962189
Elevator call,1725.141688103619,-8,-4,3,1, Done, dt, 63.85831189638111
Elevator call,1731.0116675260697,-9,-2,3,1, Done, dt, 126.98833247393031
Elevator call,1731.5562817703594,-7,91,3,1, Done, dt, 1049.4437182296406
Elevator call,1732.1232989842915,-1,-7,3,9, Done, dt, 44.87670101570848
Elevator call,1732.7444193815377,-2,93,3,1, Done, dt, 1059.2555806184623
Elevator call,1737.6126440052267,69,-5,3,6, Done, dt, 601.3873559947733
Elevator call,1738.368638245718,19,0,3,4, Done, dt, 102.6313617542819
Elevator call,1738.6173668112058,86,-2,3,7, Done, dt, 459.3826331887942
Elevator call,1739.8360162827166,57,-7,3,6, Done, dt, 621.1639837172834
Elevator call,1741.9729323104184,68,-3,3,6, Done, dt, 369.0270676895816
Elevator call,1742.1405684399576,-8,98,3,8, Done, dt, 1360.8594315600424
Elevator call,1742.4704175895267,0,-8,3,4, Done, dt, 186.52958241047327
Elevator call,1751.8219308575324,52,-3,3,6, Done, dt, 359.1780691424676
Elevator call,1753.2940678476284,35,0,3,4, Done, dt, 87.70593215237159
Elevator call,1771.0031016092044,91,0,3,7, Done, dt, 404.99689839079565
Elevator call,1771.6924482858142,-1,-3,3,9, Done, dt, 29.30755171418582
Elevator call,1778.0210550131635,0,2,3,3, Done, dt, 38.978944986836495
Elevator call,1780.3902335958935,-1,-4,3,6, Done, dt, 547.6097664041065
Elevator call,1781.4140231821896,29,0,3,6, Done, dt, 144.58597681781043
Elevator call,1783.235145809691,-3,-1,3,1, Done, dt, 85.76485419030905
Elevator call,1784.2686250745971,8,-4,3,6, Done, dt, 543.7313749254029
Elevator call,1794.3859070680346,54,-9,3,6, Done, dt, 698.6140929319654
Elevator call,1794.8308494094972,-5,79,3,1, Done, dt, 939.1691505905028
Elevator call,1796.0165385309297,-5,49,3,1, Done, dt, 819.9834614690703
Elevator call,1797.3106638715612,-8,-4,3,1, Done, dt, 38.689336128438754
Elevator call,1801.7048849417736,-1,13,3,8, Done, dt, 456.29511505822643
Elevator call,1801.9899544547197,-9,3,3,8, Done, dt, 120.01004554528026
Elevator call,1803.4350303561544,-9,40,3,8, Done, dt, 551.5649696438456
Elevator call,1813.0454977139805,3,-1,3,9, Done, dt, 27.954502286019533
Elevator call,1816.6710087584697,0,-7,3,4, Done, dt, 101.32899124153028
Elevator call,1831.3623194993834,-7,-9,3,9, Done, dt, 355.6376805006166
Elevator call,1832.6291956639932,-1,-6,3,9, Done, dt, 21.370804336006813
Elevator call,1834.733039862038,47,-2,3,7, Done, dt, 363.2669601379621
Elevator call,1836.885196312994,-7,91,3,8, Done, dt, 1229.114803687006
Elevator call,1837.8809798173404,36,24,3,7, Done, dt, 263.1190201826596
Elevator call,1847.226236587701,-6,-2,3,8, Done, dt, 23.773763412299104
Elevator call,1851.2178210120132,63,-9,3,5, Done, dt, 455.78217898798675
Elevator call,1855.6443796745436,88,-2,3,5, Done, dt, 340.35562032545636
Elevator call,1858.2797133529637,0,-2,3,9, Done, dt, 31.720286647036346
Elevator call,1859.2755894462596,91,-5,3,5, Done, dt, 369.7244105537404
Elevator call,1861.8018551073706,-6,8,3,1, Done, dt, 370.19814489262944
Elevator call,1865.5687051970885,-5,-3,3,1, Done, dt, 73.43129480291145
Elevator call,1866.653100425739,-6,-7,3,4, Done, dt, 51.34689957426099
Elevator call,1867.4506755531916,-2,-1,3,8, Done, dt, 14.549324446808441
Elevator call,1870.5062231637992,35,0,3,7, Done, dt, 305.4937768362008
Elevator call,1871.2713799911594,0,-2,3,0, Done, dt, 35.72862000884061
Elevator call,1875.3404729645688,-4,14,3,8, Done, dt, 393.6595270354312
Elevator call,1882.3390780596653,-8,21,3,1, Done, dt, 417.6609219403347
Elevator call,1882.5774839738633,0,-3,3,9, Done, dt, 607.4225160261367
Elevator call,1886.393081354113,-9,34,3,1, Done, dt, 471.60691864588694
Elevator call,1888.3889301609177,11,-2,3,6, Done, dt, 59.61106983908235
Elevator call,1888.502340301806,28,0,3,7, Done, dt, 287.49765969819396
Elevator call,1888.7734941678218,-5,81,3,1, Done, dt, 856.2265058321782
Elevator call,1890.153546319721,38,-7,3,7, Done, dt, 837.846453680279
Elevator call,1891.3918029793742,64,-6,3,5, Done, dt, 348.60819702062577
Elevator call,1893.0453830229326,49,-6,3,5, Done, dt, 346.9546169770674
Elevator call,1895.732191239106,34,-4,3,7, Done, dt, 324.267808760894
Elevator call,1897.8521209029116,14,-8,3,9, Done, dt, 278.14787909708843
Elevator call,1900.6019993656198,-6,-8,3,9, Done, dt, 275.3980006343802
Elevator call,1903.0957064534314,-1,88,3,8, Done, dt, 629.9042935465686
Elevator call,1903.737489057915,57,-7,3,5, Done, dt, 381.2625109420851
Elevator call,1908.2061624572284,-6,-4,3,8, Done, dt, 66.7938375427716
Elevator call,1909.7864728766983,51,-1,3,5, Done, dt, 275.2135271233017
Elevator call,1912.261822424403,-8,45,3,1, Done, dt, 691.7381775755971
Elevator call,1914.0424744880743,56,0,3,5, Done, dt, 259.9575255119257
Elevator call,1922.9562129214025,99,-4,3,5, Done, dt, 295.04378707859746
Elevator call,1923.0036686773226,-7,-9,3,4, Done, dt, 38.996331322677406
Elevator call,1923.2472622843316,82,-8,3,5, Done, dt, 372.75273771566845
Elevator call,1923.710208852892,0,-3,3,0, Done, dt, 36.28979114710796
Elevator call,1927.0778144310136,83,-4,3,7, Done, dt, 292.9221855689864
Elevator call,1928.6761826884015,23,0,3,7, Done, dt, 247.32381731159853
Elevator call,1931.2142621332919,-6,28,3,1, Done, dt, 392.78573786670813
Elevator call,1932.8903245839465,-1,11,3,1, Done, dt, 321.1096754160535
Elevator call,1933.1997241451045,-5,0,3,1, Done, dt, 242.80027585489552
Elevator call,1935.2400332564332,-9,4,3,1, Done, dt, 273.7599667435668
Elevator call,1935.6935673234314,2,49,3,1, Done, dt, 680.3064326765686
Elevator call,1936.7007137073797,-7,98,3,1, Done, dt, 868.2992862926203
Elevator call,1941.0757267171962,34,-3,3,9, Done, dt, 69.92427328280382
Elevator call,1943.813247144802,-6,-3,3,8, Done, dt, 42.18675285519794
Elevator call,1947.9134710779883,69,-8,3,6, Done, dt, 534.0865289220117
Elevator call,1949.784947464023,72,0,3,2, Done, dt, 1065.215052535977
Elevator call,1950.1322000926036,-7,71,3,8, Done, dt, 535.8677999073964
Elevator call,1950.4927073135539,56,-4,3,2, Done, dt, 1332.5072926864461
Elevator call,1951.5762467960542,27,-3,3,0, Done, dt, 156.4237532039458
Elevator call,1953.9457753293286,46,-5,3,0, Done, dt, 166.05422467067137
Elevator call,1958.3993118799992,-8,-2,3,1, Done, dt, 131.60068812000077
Elevator call,1958.4940710636354,0,39,3,1, Done, dt, 412.5059289363646
Elevator call,1963.5902472963053,16,-6,3,4, Done, dt, 67.40975270369472
Elevator call,1969.983244108679,70,-6,3,2, Done, dt, 1337.016755891321
Elevator call,1976.7870015945477,32,-4,3,2, Done, dt, 1306.2129984054523
Elevator call,1980.215421094965,-5,69,3,8, Done, dt, 493.784578905035
Elevator call,1981.2333470983403,-6,-1,3,8, Done, dt, 100.76665290165965
Elevator call,1986.9378763114516,0,86,3,1, Done, dt, 771.0621236885484
Elevator call,1988.4417714287342,-8,-2,3,1, Done, dt, 101.55822857126577
Elevator call,1988.5377668036501,96,-3,3,2, Done, dt, 1283.4622331963499
Elevator call,1988.8771071841018,34,-7,3,9, Done, dt, 134.12289281589824
Elevator call,1989.3912353704022,56,-5,3,5, Done, dt, 239.60876462959777
Elevator call,1991.713841336244,-3,51,3,1, Done, dt, 635.2861586637559
Elevator call,1992.8311180023356,54,10,3,5, Done, dt, 166.16888199766436
Elevator call,1995.5086136347534,94,-4,3,2, Done, dt, 1287.4913863652466
Elevator call,1999.7854611709754,92,0,3,5, Done, dt, 174.2145388290246
Elevator call,1999.9814024539469,-4,83,3,8, Done, dt, 518.0185975460531
Elevator call,2001.6623201998348,-6,67,3,8, Done, dt, 460.33767980016523
Elevator call,2004.2338931477004,-6,-7,3,9, Done, dt, 118.76610685229957
Elevator call,2004.8486110316271,78,-5,3,5, Done, dt, 224.15138896837288
Elevator call,2006.7990800263094,60,-5,3,5, Done, dt, 222.2009199736906
Elevator call,2011.1966942199874,23,0,3,4, Done, dt, 91.80330578001258
Elevator call,2017.5591226913011,55,-8,3,7, Done, dt, 721.4408773086989
Elevator call,2018.9902118453663,52,-6,3,7, Done, dt, 698.0097881546337
Elevator call,2019.1480094518727,-6,-3,3,1, Done, dt, 33.85199054812733
Elevator call,2020.4943878863019,0,13,3,8, Done, dt, 237.50561211369813
Elevator call,2020.9033700331543,74,89,3,3, Done, dt, 41.09662996684574
Elevator call,2021.1149579348416,-8,12,3,8, Done, dt, 225.88504206515836
Elevator call,2022.312161970407,38,-9,3,0, Done, dt, 141.68783802959297
Elevator call,2024.441511289249,-4,0,3,8, Done, dt, 142.5584887107509
Elevator call,2025.0602729039174,-3,0,3,8, Done, dt, 141.9397270960826
Elevator call,2032.228737271991,-5,11,3,1, Done, dt, 221.7712627280091
Elevator call,2034.2201218223008,-2,28,3,1, Done, dt, 289.7798781776992
Elevator call,2043.218946595488,62,-4,3,6, Done, dt, 284.781053404512
Elevator call,2044.0813204659655,-8,34,3,1, Done, dt, 313.9186795340345
Elevator call,2047.63108700393,9,-3,3,9, Done, dt, 42.368912996070094
Elevator call,2049.948719536048,0,99,3,8, Done, dt, 1064.051280463952
Elevator call,2056.375683874023,51,-5,3,7, Done, dt, 649.6243161259772
Elevator call,2058.487864400715,16,-9,3,0, Done, dt, 105.5121355992851
Elevator call,2059.661692490435,45,-3,3,6, Done, dt, 257.33830750956486
Elevator call,2062.977255395689,51,-6,3,7, Done, dt, 654.0227446043109
Elevator call,2066.6166082886116,32,-6,3,7, Done, dt, 650.3833917113884
Elevator call,2067.500397222851,-2,-5,3,9, Done, dt, 33.49960277714899
Elevator call,2074.1258396433245,-9,23,3,8, Done, dt, 213.87416035667547
Elevator call,2074.5000292157097,81,-2,3,2, Done, dt, 962.4999707842903
Elevator call,2074.6675106322587,24,-6,3,4, Done, dt, 1194.3324893677413
Elevator call,2082.350297489644,-8,10,3,1, Done, dt, 160.64970251035584
Elevator call,2082.550351904495,-4,-1,3,1, Done, dt, 54.44964809550493
Elevator call,2087.0918614190236,35,-1,3,7, Done, dt, 99.90813858097636
Elevator call,2088.076238013634,0,-1,3,4, Done, dt, 881.9237619863661
Elevator call,2091.6180080631675,-3,49,3,3, Done, dt, 104.38199193683249
Elevator call,2097.6795122776502,47,-6,3,5, Done, dt, 142.32048772234975
Elevator call,2098.0553498989207,-3,19,3,0, Done, dt, 169.94465010107933
Elevator call,2101.269852375189,-9,10,3,8, Done, dt, 133.7301476248108
Elevator call,2107.4473031078146,26,-3,3,5, Done, dt, 99.5526968921854
Elevator call,2112.8901858564545,19,67,3,1, Done, dt, 563.1098141435455
Elevator call,2119.4446766497167,5,-3,3,9, Done, dt, 33.55532335028329
Elevator call,2122.398877073973,-5,-1,3,8, Done, dt, 33.601122926027074
Elevator call,2129.204755997389,8,68,3,1, Done, dt, 557.7952440026111
Elevator call,2131.6126622572106,-8,61,3,1, Done, dt, 510.38733774278944
Elevator call,2134.5958562918972,65,28,3,2, Done, dt, 782.4041437081028
Elevator call,2143.8732731224727,23,-7,3,7, Done, dt, 584.1267268775273
Elevator call,2146.8027655814844,14,-8,3,4, Done, dt, 1144.1972344185156
Elevator call,2156.6016498396343,-4,48,3,8, Done, dt, 236.39835016036568
Elevator call,2156.9232348933983,4,-8,3,4, Done, dt, 1134.0767651066017
Elevator call,2158.788624712423,-3,89,3,8, Done, dt, 885.2113752875771
Elevator call,2159.6719834468263,18,-5,3,4, Done, dt, 894.3280165531737
Elevator call,2169.092846444923,-2,29,3,0, Done, dt, 118.907153555077
Elevator call,2176.554304455535,-6,-4,3,0, Done, dt, 28.445695544464797
Elevator call,2179.5554506344192,0,10,3,0, Done, dt, 69.44454936558077
Elevator call,2196.7568954487697,65,-4,3,2, Done, dt, 1086.2431045512303
Elevator call,2201.175939012386,-7,63,3,9, Done, dt, 750.8240609876138
Elevator call,2206.3534136649114,58,-4,3,6, Done, dt, 121.64658633508861
Elevator call,2208.811270743997,20,-9,3,4, Done, dt, 1095.1887292560032
Elevator call,2209.2672033227104,-3,-8,3,5, Done, dt, 86.73279667728957
Elevator call,2210.7497681510613,-8,23,3,9, Done, dt, 39.25023184893871
Elevator call,2216.6856272978303,94,-2,3,2, Done, dt, 820.3143727021697
Elevator call,2219.232290431314,86,-1,3,7, Done, dt, 109.76770956868586
Elevator call,2220.75400515803,2,-2,3,4, Done, dt, 800.2459948419701
Elevator call,2223.412421134137,6,-7,3,4, Done, dt, 1056.5875788658632
Elevator call,2227.6203788204625,-6,-7,3,5, Done, dt, 57.37962117953748
Elevator call,2229.338715394185,-3,-7,3,5, Done, dt, 55.661284605815126
Elevator call,2231.9943372539674,-8,99,3,9, Done, dt, 852.0056627460326
Elevator call,2236.217631936388,80,-8,3,3, Done, dt, 331.782368063612
Elevator call,2237.8062398140846,-4,-9,3,5, Done, dt, 69.19376018591538
Elevator call,2240.6449757883006,85,0,3,3, Done, dt, 222.3550242116994
Elevator call,2251.593892239632,87,93,3,0, Done, dt, 800.4061077603678
Elevator call,2261.8130064817224,81,-6,3,3, Done, dt, 235.18699351827763
Elevator call,2265.817007012379,78,-3,3,3, Done, dt, 219.18299298762122
Elevator call,2267.19035179452,21,-2,3,4, Done, dt, 753.8096482054798
Elevator call,2268.3103477996337,56,-9,3,3, Done, dt, 310.68965220036625
Elevator call,2269.073935805,22,-9,3,4, Done, dt, 1034.926064195
Elevator call,2276.5214269910075,64,-6,3,3, Done, dt, 220.4785730089925
Elevator call,2277.043986281128,97,-4,3,7, Done, dt, 417.9560137188719
Elevator call,2289.1370316807693,-6,8,3,9, Done, dt, 301.86296831923073
Elevator call,2292.520492868226,-8,54,3,9, Done, dt, 624.479507131774
Elevator call,2296.0906580242245,69,-9,3,3, Done, dt, 282.90934197577553
Elevator call,2296.412084711522,-2,73,3,9, Done, dt, 691.5879152884781
Elevator call,2297.4939448430077,73,-8,3,3, Done, dt, 270.50605515699226
Elevator call,2297.867955764988,-1,30,3,9, Done, dt, 490.132044235012
Elevator call,2300.692761888051,0,96,3,9, Done, dt, 771.3072381119491
Elevator call,2300.8563609367807,82,-1,3,2, Done, dt, 725.1436390632193
Elevator call,2304.3268542855617,0,26,3,0, Done, dt, 184.6731457144383
Elevator call,2312.5209758484525,84,24,3,2, Done, dt, 628.4790241515475
Elevator call,2312.7273582745906,2,0,3,5, Done, dt, 27.272641725409358
Elevator call,2317.1483575635148,40,-7,3,4, Done, dt, 962.8516424364852
Elevator call,2318.237604473987,-4,-7,3,6, Done, dt, 42.762395526012824
Elevator call,2320.286064087497,52,0,3,4, Done, dt, 184.71393591250308
Elevator call,2325.075165565704,19,-7,3,4, Done, dt, 954.9248344342959
Elevator call,2326.7275002159,-4,-7,3,6, Done, dt, 34.27249978410009
Elevator call,2330.5432845885116,-1,-7,3,5, Done, dt, 1037.4567154114884
Elevator call,2332.1906833972625,42,-9,3,3, Done, dt, 246.80931660273745
Elevator call,2340.3177131204475,-2,-9,3,5, Done, dt, 1049.6822868795525
Elevator call,2340.469943741249,-9,-7,3,9, Done, dt, 35.53005625875085
Elevator call,2342.026231622156,81,-9,3,3, Done, dt, 236.97376837784395
Elevator call,2344.8057675925074,38,-6,3,5, Done, dt, 985.1942324074926
Elevator call,2354.428601372434,1,-5,3,6, Done, dt, 40.57139862756594
Elevator call,2363.0720326055357,-9,66,3,1, Done, dt, 301.9279673944643
Elevator call,2368.7084121721655,97,34,3,2, Done, dt, 316.2915878278345
Elevator call,2376.1285639463836,64,-4,3,2, Done, dt, 906.8714360536164
Elevator call,2380.0640336509073,58,22,3,2, Done, dt, 572.9359663490927
Elevator call,2386.125101812239,-1,61,3,9, Done, dt, 554.8748981877611
Elevator call,2387.7776566514594,0,66,3,9, Done, dt, 586.2223433485406
Elevator call,2388.3236802242277,-3,-7,3,6, Done, dt, 82.6763197757723
Elevator call,2393.4263161010113,-5,-9,3,6, Done, dt, 99.57368389898875
Elevator call,2393.760326396805,-1,65,3,9, Done, dt, 569.2396736031951
Elevator call,2393.7668439016397,94,-5,3,7, Done, dt, 312.23315609836027
Elevator call,2394.736767313903,-4,-5,3,6, Done, dt, 34.263232686097126
Elevator call,2397.8658642124356,8,-6,3,5, Done, dt, 932.1341357875644
Elevator call,2398.917669305331,79,-3,3,7, Done, dt, 285.08233069466905
Elevator call,2399.7788919716613,-8,2,3,9, Done, dt, 39.221108028338676
Elevator call,2407.547511431685,-8,-2,3,1, Done, dt, 41.45248856831495
Elevator call,2407.6953125232085,-6,-2,3,1, Done, dt, 41.304687476791514
Elevator call,2409.1357842188463,0,-1,3,5, Done, dt, 40.86421578115369
Elevator call,2409.932584009432,-9,-6,3,1, Done, dt, 27.06741599056795
Elevator call,2415.078751186497,9,-1,3,5, Done, dt, 34.9212488135031
Elevator call,2417.80623252286,81,-8,3,7, Done, dt, 321.1937674771402
Elevator call,2421.86018769437,23,-2,3,3, Done, dt, 52.13981230563013
Elevator call,2427.4430787152924,0,-3,3,6, Done, dt, 29.55692128470764
Elevator call,2430.7944697190233,64,-3,3,7, Done, dt, 253.20553028097675
Elevator call,2432.9121493721723,61,16,3,7, Done, dt, 190.08785062782772
Elevator call,2433.2725267716382,64,-6,3,7, Done, dt, 283.72747322836176
Elevator call,2433.478494117684,-5,4,3,9, Done, dt, 70.52150588231598
Elevator call,2433.9722211183735,0,31,3,9, Done, dt, 365.02777888162655
Elevator call,2435.6369742583897,79,-6,3,7, Done, dt, 281.3630257416103
Elevator call,2437.3050543688196,-5,10,3,9, Done, dt, 164.69494563118042
Elevator call,2444.95023414685,-4,45,3,1, Done, dt, 159.0497658531499
Elevator call,2457.877772062192,35,-3,3,5, Done, dt, 813.122227937808
Elevator call,2458.002613802915,70,-4,3,5, Done, dt, 823.9973861970848
Elevator call,2463.6525575769356,-3,-2,3,0, Done, dt, 75.34744242306442
Elevator call,2473.5619500365506,-3,60,3,9, Done, dt, 456.43804996344943
Elevator call,2476.011393335222,79,-4,3,7, Done, dt, 218.98860666477822
Elevator call,2478.0359209084363,7,43,3,0, Done, dt, 483.9640790915637
Elevator call,2479.331921765841,-9,-1,3,1, Done, dt, 70.66807823415911
Elevator call,2490.9178877534073,23,-3,3,3, Done, dt, 54.082112246592715
Elevator call,2491.3508010982187,-8,-1,3,9, Done, dt, 74.64919890178135
Elevator call,2491.766357836541,-9,-4,3,9, Done, dt, 52.23364216345908
Elevator call,2497.2364537023295,11,0,3,6, Done, dt, 51.76354629767047
Elevator call,2497.979024395474,99,-5,3,2, Done, dt, 798.020975604526
Elevator call,2498.9173903235423,11,-8,3,4, Done, dt, 792.0826096764577
Elevator call,2499.3995563538256,-1,-7,3,4, Done, dt, 780.6004436461744
Elevator call,2501.9469761766222,4,-4,3,4, Done, dt, 541.0530238233778
Elevator call,2503.1119780135423,18,-1,3,4, Done, dt, 466.8880219864577
Elevator call,2504.4342590050687,37,-5,3,4, Done, dt, 549.5657409949313
Elevator call,2511.6393469637865,-4,-7,3,5, Done, dt, 856.3606530362135
Elevator call,2518.459694376005,0,-9,3,5, Done, dt, 871.5403056239952
Elevator call,2520.9049901325434,-2,45,3,8, Done, dt, 169.0950098674566
Elevator call,2522.0003306689187,69,-1,3,7, Done, dt, 150.99966933108135
Elevator call,2530.1252325121077,59,-4,3,7, Done, dt, 164.8747674878923
Elevator call,2536.1644486998566,-8,22,3,0, Done, dt, 258.8355513001434
Elevator call,2538.4007628055765,-9,96,3,0, Done, dt, 614.5992371944235
Elevator call,2540.7143006598967,66,-8,3,5, Done, dt, 838.2856993401033
Elevator call,2541.256971339464,80,-7,3,5, Done, dt, 826.7430286605359
Elevator call,2546.2599410863213,63,15,3,7, Done, dt, 87.7400589136787
Elevator call,2546.955570550832,-4,-9,3,6, Done, dt, 827.0444294491681
Elevator call,2547.9503375451195,-3,86,3,9, Done, dt, 488.0496624548805
Elevator call,2548.3612910600405,-1,-2,3,6, Done, dt, 138.63870893995954
Elevator call,2549.673809179427,0,65,3,1, Done, dt, 104.32619082057317
Elevator call,2550.080015757623,2,-8,3,6, Done, dt, 812.9199842423768
Elevator call,2560.4940813458666,95,-8,3,2, Done, dt, 768.5059186541334
Elevator call,2564.029528134534,94,-3,3,2, Done, dt, 707.9704718654662
Elevator call,2571.732149765796,94,-2,3,2, Done, dt, 465.26785023420416
Elevator call,2571.7370272296557,83,-7,3,2, Done, dt, 746.2629727703443
Elevator call,2576.409606140838,-7,-5,3,0, Done, dt, 51.59039385916185
Elevator call,2579.178226834375,18,-5,3,6, Done, dt, 750.821773165625
Elevator call,2580.948016162175,-9,-1,3,3, Done, dt, 25.05198383782499
Elevator call,2580.975494098955,-4,73,3,3, Done, dt, 832.0245059010449
Elevator call,2594.2761317974378,24,-6,3,7, Done, dt, 122.72386820256224
Elevator call,2598.8982923533167,-7,60,3,3, Done, dt, 797.1017076466833
Elevator call,2601.720789709641,18,-7,3,4, Done, dt, 678.2792102903591
Elevator call,2604.674882673434,-7,21,3,3, Done, dt, 48.325117326566215
Elevator call,2608.5603398418316,6,-5,3,7, Done, dt, 97.43966015816841
Elevator call,2610.488800179101,-3,-8,3,4, Done, dt, 680.511199820899
Elevator call,2612.9035847456016,-8,81,3,9, Done, dt, 410.0964152543984
Elevator call,2618.218674294866,-2,67,3,0, Done, dt, 387.7813257051339
Elevator call,2623.4795973543205,63,-6,3,5, Done, dt, 706.5204026456795
Elevator call,2634.86354493551,0,-8,3,6, Done, dt, 728.1364550644898
Elevator call,2637.3353590725637,-7,-4,3,3, Done, dt, 51.66464092743627
Elevator call,2637.9236345437316,34,0,3,5, Done, dt, 611.0763654562684
Elevator call,2639.6357288871154,1,-7,3,6, Done, dt, 712.3642711128846
Elevator call,2641.2935338014418,1,0,3,6, Done, dt, 23.706466198558246
Elevator call,2643.633797162921,33,-5,3,4, Done, dt, 410.3662028370791
Elevator call,2643.825518175521,2,-4,3,7, Done, dt, 51.17448182447879
Elevator call,2647.403125758973,-9,11,3,9, Done, dt, 110.59687424102685
Elevator call,2654.0422277163634,-7,-1,3,0, Done, dt, 45.95777228363659
Elevator call,2656.3160315441064,48,-8,3,5, Done, dt, 722.6839684558936
Elevator call,2657.7254137472337,0,-3,3,6, Done, dt, 40.27458625276631
Elevator call,2660.520116893277,97,61,3,2, Done, dt, 163.4798831067228
Elevator call,2660.9939458513522,-7,74,3,7, Done, dt, 140.00605414864776
Elevator call,2662.150523726106,0,90,3,9, Done, dt, 396.8494762738942
Elevator call,2664.5794333664853,-4,75,3,8, Done, dt, 335.4205666335147
Elevator call,2668.075054789295,-7,80,3,9, Done, dt, 343.9249452107051
Elevator call,2669.265410467152,-3,79,3,9, Done, dt, 331.7345895328481
Elevator call,2669.8455241690444,-5,87,3,9, Done, dt, 377.15447583095556
Elevator call,2672.3937396083656,81,46,3,2, Done, dt, 186.60626039163435
Elevator call,2676.0964655151365,-4,81,3,8, Done, dt, 339.9035344848635
Elevator call,2677.3285276609513,31,0,3,2, Done, dt, 337.6714723390487
Elevator call,2680.6666139143304,-8,-5,3,3, Done, dt, 52.333386085669645
Elevator call,2700.114344081284,78,-9,3,5, Done, dt, 689.8856559187161
Elevator call,2700.4942257921284,-9,35,3,0, Done, dt, 127.50577420787158
Elevator call,2701.735610969765,35,-7,3,6, Done, dt, 650.2643890302352
Elevator call,2705.3420140229277,-8,-7,3,3, Done, dt, 16.657985977072258
Elevator call,2706.1708025950443,3,-9,3,6, Done, dt, 667.8291974049557
Elevator call,2707.5045947265435,64,-8,3,4, Done, dt, 583.4954052734565
Elevator call,2709.9731156774637,56,-9,3,4, Done, dt, 594.0268843225363
Elevator call,2723.5221206204487,0,46,3,3, Done, dt, 603.4778793795513
Elevator call,2724.9255976030804,-4,57,3,3, Done, dt, 659.0744023969196
Elevator call,2728.310451524436,26,-6,3,4, Done, dt, 540.6895484755642
Elevator call,2731.305019192368,-5,38,3,3, Done, dt, 476.69498080763196
Elevator call,2732.3529029838287,81,-1,3,4, Done, dt, 237.6470970161713
Elevator call,2733.4767706900197,-3,33,3,3, Done, dt, 451.52322930998025
Elevator call,2734.4725509977065,69,-6,3,5, Done, dt, 595.5274490022935
Elevator call,2737.835371710625,97,-1,3,5, Done, dt, 522.1646282893748
Elevator call,2743.842583434925,72,-5,3,5, Done, dt, 549.157416565075
Elevator call,2747.0921902813293,93,-6,3,5, Done, dt, 582.9078097186707
Elevator call,2754.0035782155173,54,0,3,0, Done, dt, 504.99642178448266
Elevator call,2758.5305161355295,61,0,3,6, Done, dt, 536.4694838644705
Elevator call,2759.7323086309293,54,0,3,6, Done, dt, 535.2676913690707
Elevator call,2759.779775989906,8,0,3,6, Done, dt, 535.2202240100942
Elevator call,2761.945148651458,32,-4,3,6, Done, dt, 557.0548513485419
Elevator call,2762.9749045958188,35,40,3,9, Done, dt, 61.02509540418123
Elevator call,2763.8293777604254,-7,96,3,3, Done, dt, 712.1706222395746
Elevator call,2776.3956653946316,-5,0,3,8, Done, dt, 106.60433460536842
Elevator call,2777.893369235374,-3,-7,3,6, Done, dt, 574.1066307646261
Elevator call,2778.7158312211386,21,-9,3,6, Done, dt, 595.2841687788614
Elevator call,2780.9384836176678,27,-6,3,6, Done, dt, 560.0615163823322
Elevator call,2783.4855344456646,52,-8,3,2, Done, dt, 545.5144655543354
Elevator call,2783.954607385368,61,0,3,2, Done, dt, 231.04539261463196
Elevator call,2784.4154434749566,37,-8,3,6, Done, dt, 578.5845565250434
Elevator call,2785.805961456637,99,46,3,5, Done, dt, 183.19403854336315
Elevator call,2787.008015699794,-4,-2,3,3, Done, dt, 51.991984300205786
Elevator call,2789.7650390482004,74,-6,3,2, Done, dt, 517.2349609517996
Elevator call,2791.8189990832807,-6,-7,3,6, Done, dt, 560.1810009167193
Elevator call,2799.0616181182318,-4,35,3,3, Done, dt, 396.93838188176824
Elevator call,2802.048721431065,37,-6,3,7, Done, dt, 475.95127856893487
Elevator call,2809.5997318471823,91,0,3,1, Done, dt, 70.40026815281772
Elevator call,2809.902598363241,42,-1,3,7, Done, dt, 107.09740163675906
Elevator call,2812.9051308863013,-1,-9,3,7, Done, dt, 498.0948691136987
Elevator call,2816.487081468933,-5,39,3,9, Done, dt, 72.51291853106704
Elevator call,2820.486751332041,32,-9,3,7, Done, dt, 490.51324866795903
Elevator call,2825.241614884455,0,7,3,0, Done, dt, 90.75838511554502
Elevator call,2825.390560168902,-8,54,3,0, Done, dt, 157.60943983109792
Elevator call,2833.1167065350623,-5,42,3,3, Done, dt, 481.88329346493765
Elevator call,2837.57837716447,-3,50,3,3, Done, dt, 522.4216228355299
Elevator call,2841.6897490341357,65,26,1,1
Elevator call,2846.977159393462,99,-9,3,1, Done, dt, 574.022840606538
Elevator call,2853.8366182242835,-5,77,3,3, Done, dt, 582.1633817757165
Elevator call,2854.516140797933,-4,91,3,3, Done, dt, 598.4838592020669
Elevator call,2861.613115805339,10,-3,3,1, Done, dt, 455.386884194661
Elevator call,2864.650766367333,-7,-1,3,3, Done, dt, 112.34923363266716
Elevator call,2865.44820393249,59,-8,3,5, Done, dt, 513.5517960675102
Elevator call,2866.575886399205,91,-9,3,5, Done, dt, 523.424113600795
Elevator call,2870.2799891720106,5,-1,3,7, Done, dt, 46.72001082798943
Elevator call,2873.1764793075135,-1,-6,3,1, Done, dt, 465.82352069248645
Elevator call,2876.734795325847,11,0,3,7, Done, dt, 29.26520467415321
Elevator call,2877.8368754473513,61,-4,3,5, Done, dt, 404.1631245526487
Elevator call,2879.6069129269804,-1,43,3,8, Done, dt, 68.39308707301961
Elevator call,2882.08423902757,25,-4,3,2, Done, dt, 400.9157609724298
Elevator call,2884.3921685163123,-9,-8,3,3, Done, dt, 35.60783148368773
Elevator call,2889.390529767693,83,-9,3,6, Done, dt, 484.6094702323071
Elevator call,2889.741508317973,-8,52,3,3, Done, dt, 481.25849168202694
Elevator call,2889.9983383288536,31,-7,3,2, Done, dt, 428.0016616711464
Elevator call,2898.9763968285088,-2,-9,3,7, Done, dt, 412.02360317149123
Elevator call,2905.5301742166002,48,-9,3,6, Done, dt, 468.46982578339976
Elevator call,2911.860699532249,38,-6,3,6, Done, dt, 429.1393004677511
Elevator call,2913.538577712103,79,-6,3,5, Done, dt, 416.4614222878972
Elevator call,2922.4631531791056,0,-1,3,7, Done, dt, 300.5368468208944
Elevator call,2925.3429124394424,4,-5,3,7, Done, dt, 341.65708756055756
Elevator call,2930.192804489052,16,-8,3,2, Done, dt, 398.8071955109481
Elevator call,2932.036794136414,0,-9,3,4, Done, dt, 371.96320586358615
Elevator call,2940.1646771503847,20,-5,3,2, Done, dt, 355.8353228496153
Elevator call,2940.478836596982,2,0,3,2, Done, dt, 74.52116340301791
Elevator call,2941.339945338509,21,-3,3,7, Done, dt, 303.6600546614909
Elevator call,2951.403389652227,-4,93,3,3, Done, dt, 512.5966103477731
Elevator call,2954.9182572343534,76,-4,3,1, Done, dt, 373.0817427656466
Elevator call,2960.3565473728117,53,-1,3,5, Done, dt, 299.64345262718825
Elevator call,2960.4611924364563,9,-9,3,4, Done, dt, 343.53880756354374
Elevator call,2969.1139642990447,39,-2,3,1, Done, dt, 336.8860357009553
Elevator call,2973.1763925065557,72,-6,3,1, Done, dt, 365.82360749344434
Elevator call,2981.980304644336,50,-3,3,1, Done, dt, 335.0196953556642
Elevator call,2981.992526396083,95,-6,3,6, Done, dt, 359.0074736039169
Elevator call,2982.2048735459384,47,-3,3,1, Done, dt, 334.7951264540616
Elevator call,2983.163119420429,7,-6,3,7, Done, dt, 294.8368805795708
Elevator call,2983.6562961659156,56,47,3,5, Done, dt, 43.34370383408441
Elevator call,2985.7767739967094,-7,-3,3,3, Done, dt, 60.22322600329062
Elevator call,2989.0593359568884,69,-8,3,6, Done, dt, 373.9406640431116
Elevator call,2993.111909672555,73,0,3,6, Done, dt, 301.88809032744484
Elevator call,2995.13542730074,25,-2,3,7, Done, dt, 238.86457269925995
Elevator call,2996.487948251339,-8,39,3,3, Done, dt, 222.51205174866118
Elevator call,3007.8247567503727,-5,-8,3,4, Done, dt, 283.17524324962733
Elevator call,3009.7105016888713,72,-9,3,6, Done, dt, 364.2894983111287
Elevator call,3011.4359994817114,58,-6,3,6, Done, dt, 329.5640005182886
Elevator call,3016.0323361102487,78,-6,3,5, Done, dt, 313.9676638897513
Elevator call,3019.4776649305277,-5,-6,3,2, Done, dt, 287.5223350694723
Elevator call,3021.1356207407416,74,-8,3,1, Done, dt, 388.8643792592584
Elevator call,3023.110570950913,38,0,3,5, Done, dt, 225.88942904908708
Elevator call,3025.195251548018,0,48,3,3, Done, dt, 323.80474845198205
Elevator call,3026.321650292561,82,-7,3,1, Done, dt, 323.6783497074389
Elevator call,3030.525445133995,0,-1,3,2, Done, dt, 29.474554866004837
Elevator call,3032.7823175165677,-7,-2,3,3, Done, dt, 24.217682483432327
Elevator call,3034.9858323128196,54,-3,3,1, Done, dt, 282.01416768718036
Elevator call,3035.2382442165076,15,-9,3,7, Done, dt, 275.7617557834924
Elevator call,3035.292343895002,35,-9,3,7, Done, dt, 275.707656104998
Elevator call,3036.1972909907,82,-6,3,1, Done, dt, 302.8027090093001
Elevator call,3047.532583171968,12,-8,3,4, Done, dt, 243.46741682803213
Elevator call,3047.7822003608553,82,-8,3,4, Done, dt, 243.2177996391447
Elevator call,3049.3672691787556,23,-4,3,2, Done, dt, 233.63273082124442
Elevator call,3052.233847617031,59,0,3,2, Done, dt, 186.7661523829688
Elevator call,3052.2829799844358,56,-2,3,2, Done, dt, 208.71702001556423
Elevator call,3054.9160269628637,-4,-9,3,2, Done, dt, 285.0839730371363
Elevator call,3059.469196118527,100,-3,3,5, Done, dt, 211.53080388147282
Elevator call,3060.792301667545,56,-6,3,5, Done, dt, 269.20769833245504
Elevator call,3061.371336163507,-6,-7,3,5, Done, dt, 306.62866383649316
Elevator call,3063.2243472634823,95,-5,3,5, Done, dt, 229.7756527365177
Elevator call,3068.3527138708796,74,-4,3,1, Done, dt, 259.6472861291204
Elevator call,3072.445285778441,-2,47,3,3, Done, dt, 265.55471422155915
Elevator call,3074.0420245313676,-3,-8,3,7, Done, dt, 225.9579754686324
Elevator call,3077.6572733304447,30,-8,3,7, Done, dt, 222.3427266695553
Elevator call,3078.7572748348252,-7,-8,3,7, Done, dt, 221.24272516517476
Elevator call,3091.3119920009694,6,-7,3,1, Done, dt, 258.68800799903056
Elevator call,3091.456586138242,-3,67,3,9, Done, dt, 126.54341386175793
Elevator call,3101.5277683552363,35,-1,3,7, Done, dt, 121.47223164476372
Elevator call,3102.052035385791,83,-1,3,1, Done, dt, 192.947964614209
Elevator call,3103.269631004827,38,-4,3,7, Done, dt, 152.7303689951732
Elevator call,3107.9682746370845,13,-2,3,7, Done, dt, 126.0317253629155
Elevator call,3110.160473073818,38,-1,3,1, Done, dt, 184.83952692618186
Elevator call,3128.5434459609023,65,0,3,5, Done, dt, 120.45655403909768
Elevator call,3132.278846049211,-4,76,3,3, Done, dt, 292.7211539507889
Elevator call,3133.8234058001526,73,-3,2,8
Elevator call,3135.6327304260367,50,-3,3,2, Done, dt, 136.3672695739633
Elevator call,3154.1797573363883,-1,53,3,9, Done, dt, 46.82024266361168
Elevator call,3161.7381197581826,62,-1,3,8, Done, dt, 161.26188024181738
Elevator call,3164.602341886496,-7,-8,3,7, Done, dt, 135.3976581135039
Elevator call,3164.76086352181,63,0,3,1, Done, dt, 119.23913647819018
Elevator call,3168.071064277022,29,-3,3,5, Done, dt, 102.92893572297817
Elevator call,3168.905439504665,14,-5,3,7, Done, dt, 98.09456049533492
Elevator call,3169.5798046229065,100,-5,2,0
Elevator call,3172.136571589168,-9,-10,3,7, Done, dt, 150.86342841083206
Elevator call,3181.07309937684,100,-5,2,0
Elevator call,3186.3283467026386,84,-3,2,0
Elevator call,3187.3312097029684,81,-6,2,8
Elevator call,3193.17035330469,21,-2,3,2, Done, dt, 67.8296466953102
Elevator call,3196.536779047239,-5,-8,3,7, Done, dt, 103.46322095276082
Elevator call,3203.239822884155,24,10,2,0
Elevator call,3206.583787456285,-6,-7,3,7, Done, dt, 82.41621254371512
Elevator call,3209.467940993962,21,-7,1,2
Elevator call,3210.470139248305,-4,57,3,3, Done, dt, 173.5298607516952
Elevator call,3215.3536946295912,-5,-7,3,7, Done, dt, 73.64630537040875
Elevator call,3219.5343956519814,74,-1,2,9
Elevator call,3227.99515609041,66,-8,2,8
Elevator call,3237.557661883782,3,-4,1,0
Elevator call,3246.904410683031,94,-6,2,8
Elevator call,3249.5359992868252,32,-4,2,9
Elevator call,3253.191219120058,-4,-3,3,3, Done, dt, 18.808780879941878
Elevator call,3255.804018550335,46,-1,2,9
Elevator call,3285.0002335683657,58,40,3,9, Done, dt, 211.99976643163427
Elevator call,3292.4620873869544,0,-1,3,5, Done, dt, 24.53791261304559
Elevator call,3294.768277626637,30,-2,1,9
Elevator call,3296.6897670590106,85,-4,2,9
Elevator call,3309.062435517648,-2,0,3,4, Done, dt, 39.93756448235217
Elevator call,3323.659464446604,-1,0,3,4, Done, dt, 25.340535553395966
Elevator call,3326.434327366559,45,34,3,7, Done, dt, 54.565672633440954
Elevator call,3332.725418940703,-3,-6,3,5, Done, dt, 24.274581059296906
Elevator call,3333.23634399171,0,93,3,4, Done, dt, 118.76365600829013
Elevator call,3337.3377799816417,62,-1,2,9
Elevator call,3338.991892253263,78,-5,2,9
Elevator call,3342.8016710351167,11,-6,3,1, Done, dt, 45.19832896488333
Elevator call,3348.058239191636,61,-5,2,9
Elevator call,3349.0302091549834,78,-9,2,9
Elevator call,3358.732301369975,17,-5,3,2, Done, dt, 68.26769863002482
Elevator call,3361.4521893489036,-7,-4,3,4, Done, dt, 213.54781065109637
Elevator call,3377.474972851143,55,-1,2,9
Elevator call,3381.4486562594525,99,-2,2,0
Elevator call,3383.0336493223235,29,-2,3,7, Done, dt, 139.96635067767647
Elevator call,3389.5981014645567,7,-9,3,5, Done, dt, 36.40189853544325
Elevator call,3390.4839911013887,59,-5,2,9
Elevator call,3402.7977895829968,89,-9,2,9
Elevator call,3404.667235902953,18,0,3,7, Done, dt, 27.332764097046947
Elevator call,3406.427128130753,64,-9,2,9
Elevator call,3418.8505555904403,37,-6,3,7, Done, dt, 116.14944440955969
Elevator call,3421.1421533843964,49,-2,3,7, Done, dt, 101.85784661560365
Elevator call,3432.0150184601207,-1,-2,3,2, Done, dt, 25.9849815398793
Elevator call,3443.2981608246987,0,-4,3,5, Done, dt, 27.701839175301302
Elevator call,3444.4403755561525,29,-6,3,1, Done, dt, 57.5596244438475
Elevator call,3449.5545003088855,-7,-6,3,6, Done, dt, 23.44549969111449
Elevator call,3458.884230934001,2,-2,3,2, Done, dt, 28.115769065998848
Elevator call,3462.982532458551,100,-9,1,0
Elevator call,3468.0464578609963,20,-7,2,5
Elevator call,3472.5708794790653,70,54,1,0
Elevator call,3473.9876743480872,53,51,1,8
Elevator call,3475.971480107047,55,-3,2,8
Elevator call,3488.540748414931,-8,-7,3,2, Done, dt, 27.45925158506907
Elevator call,3489.1501202248724,65,-3,1,3
Elevator call,3492.9879247273666,66,30,2,3
Elevator call,3495.7963996322123,45,-9,2,9
Elevator call,3496.3526150530033,46,-3,2,9
Elevator call,3499.8182415089695,35,21,1,0
Elevator call,3500.7146126474327,70,-3,2,3
Elevator call,3500.875310439754,9,-6,3,5, Done, dt, 26.124689560246225
Elevator call,3502.7523067267057,1,-9,2,1
Elevator call,3509.4776867744285,98,88,3,3, Done, dt, 42.52231322557145
Elevator call,3509.931153199178,13,-5,3,5, Done, dt, 56.06884680082203
Elevator call,3518.1424029991877,0,-4,2,1
Elevator call,3519.9645511192357,-8,-3,3,2, Done, dt, 36.03544888076431
Elevator call,3520.1390191391747,89,-5,2,9
Elevator call,3521.639327171424,86,34,2,1
Elevator call,3529.2734554731123,-4,-7,3,6, Done, dt, 25.726544526887665
Elevator call,3534.064925762705,56,0,2,7
Elevator call,3537.825788664458,-4,0,3,2, Done, dt, 31.174211335542168
Elevator call,3539.7732360389955,58,-7,1,3
Elevator call,3546.2414318147544,46,0,1,3
Elevator call,3556.765230217434,5,-2,3,5, Done, dt, 38.23476978256622
Elevator call,3560.314329788073,98,-4,2,3
Elevator call,3561.0016004802274,89,22,1,3
Elevator call,3561.3421901859874,54,-9,1,3
Elevator call,3583.573433942424,4,-9,2,2
Elevator call,3589.24448480863,-5,-3,1,6
Elevator call,3592.591803298409,-8,-1,1,6
Elevator call,3596.190305112116,85,69,1,1
